year,living_wage
2020,8.72
2021,8.91
2022,9.5
2023,10.42
2024,11.44
2025,11.593299085532978
2026,11.746598171065957
2027,12.042665958013313
2028,12.380002210607879
